AA_ABREV,WOLS870101,WOLS870102,WOLS870103,FAUJ880109,GRAR740102,RADA880108,ZIMJ680103,TSAJ990101,CHOP780201,CHOP780202,CHOP780203,ZIMJ680104,NEU1,NEU2,NEU3
A,0.493827161,0.230188679,0.355345912,0.503546099,1,0.511627907,0,0.248995984,0.164480323,0.475757576,0.660968661,0.565068493,0.53,0.1875,0.804878049
C,0.864197531,0.403773585,0.578616352,0.386524823,0,0.23255814,0.783333333,0.204819277,0.322906155,0.936363636,0.792022792,0,0.22,0,0.329268293
D,1,0.173584906,0,0,0.404255319,0.23255814,1,0.86746988,0.323915237,0.190909091,0.276353276,0.215753425,0.985,0.4,0.597560976
E,0.419753086,0.177358491,0.018867925,0.031914894,0.712765957,0,0.266666667,0.81124498,0.48839556,0.106060606,0.13960114,0.071917808,0.925,0.375,0.43902439
F,0.87654321,0.762264151,0.600628931,0.670212766,0.574468085,1,0.266666667,0.076305221,0.783047427,1,0.957264957,0.97260274,0.005,0.725,0.682926829
G,0.024691358,0.026415094,0.13836478,0.170212766,0.308510638,0.23255814,1,1,0,0.387878788,0.512820513,0.273972603,0.66,0.1,0.841463415
H,0.839506173,0.230188679,0.081761006,0.053191489,0.574468085,0.651162791,0.633333333,0.112449799,0.561049445,0.578787879,0.66951567,0.243150685,0.575,0.4625,0.378048781
I,0,0.837735849,0.440251572,0.542553192,0.712765957,1,0,0.670682731,0.6629667,0.884848485,0.820512821,0.54109589,0,0.4625,0.62195122
K,0.50617284,0.433962264,0.003144654,0.003546099,0.574468085,0,0.633333333,0.686746988,0.694248234,0,0,0.188356164,1,0.9,0.634146342
L,0.271604938,0.577358491,1,0.989361702,1,0.651162791,0.266666667,0.281124498,0.6629667,0.866666667,0.843304843,1,0.085,0.5625,0.512195122
M,0.703703704,0.445283019,0.823899371,1,1,1,0.45,0,0.619576186,0.803030303,0.88034188,0.506849315,0.16,0.4875,0.548780488
N,0.987654321,0.022641509,0.056603774,0.046099291,0.308510638,0,1,0.674698795,0.397578204,0.203030303,0.330484331,0.119863014,0.85,0.425,0.707317073
P,0.604938272,0.735849057,0.22327044,0.219858156,0,0,1,0.859437751,0.376387487,0.366666667,0.433048433,0.489726027,0.725,0.7875,1
Q,0.518518519,0,0.210691824,0.131205674,0.404255319,0.395348837,0.45,0.795180723,0.538849647,0.206060606,0.202279202,0.304794521,0.855,0.475,0.646341463
R,0.530864198,0.226415094,0.047169811,0.109929078,0.489361702,0.395348837,0.783333333,0.939759036,0.734611504,0.215151515,0.341880342,0.191780822,0.9,0.7375,0
S,0.679012346,0.018867925,0.289308176,0.237588653,0.308510638,0,0.783333333,0.851405623,0.187689203,0.215151515,0.364672365,0.174657534,0.74,0.3125,0.780487805
T,0.493827161,0.018867925,0.248427673,0.273049645,0.404255319,0.651162791,0.633333333,0.598393574,0.352169526,0.312121212,0.381766382,0.342465753,0.69,0.375,0.853658537
V,0,0.498113208,0.323899371,0.354609929,0.808510638,1,0,0.365461847,0.492431887,0.8,0.868945869,0.434931507,0.125,0.2625,0.536585366
W,0.925925926,1,0.226415094,0.333333333,0.712765957,0.511627907,1,0.040160643,1,0.866666667,1,0.873287671,0.215,0.8875,0.914634146
Y,0.802469136,0.709433962,0.106918239,0.191489362,0.404255319,0.651162791,0.783333333,0.502008032,0.806256307,0.587878788,0.598290598,0.517123288,0.325,1,0.475609756